{
  "score": 26.7142857142857,
  "rating": "fear",
  "timestamp": "2026-03-06T23:59:58+00:00",
  "previous_close": 33.8285714285714,
  "previous_1_week": 38.030583501006,
  "previous_1_month": 46.8472049689441,
  "previous_1_year": 17.2
}