{
  "score": 24.7313543599258,
  "rating": "extreme fear",
  "timestamp": "2026-03-11T09:58:31+00:00",
  "previous_close": 27.8805194805195,
  "previous_1_week": 37.1583011583012,
  "previous_1_month": 53.8,
  "previous_1_year": 15.114285714285716
}