{
  "score": 19.7493670886076,
  "rating": "extreme fear",
  "timestamp": "2026-03-13T09:56:31+00:00",
  "previous_close": 21.2,
  "previous_1_week": 25.1473684210526,
  "previous_1_month": 37.7739130434783,
  "previous_1_year": 15.185714285714287
}