{
  "score": 25.9473684210526,
  "rating": "fear",
  "timestamp": "2026-03-09T09:57:31+00:00",
  "previous_close": 26.7142857142857,
  "previous_1_week": 33.6460317460318,
  "previous_1_month": 51.5714285714286,
  "previous_1_year": 17.642857142857146
}