{
  "score": 37.2293542074364,
  "rating": "fear",
  "timestamp": "2026-03-04T21:58:03+00:00",
  "previous_close": 31.9626984126984,
  "previous_1_week": 45.8,
  "previous_1_month": 47.228571428571435,
  "previous_1_year": 11.042857142857143
}