{
  "score": 24.1978021978022,
  "rating": "extreme fear",
  "timestamp": "2026-03-12T09:58:16+00:00",
  "previous_close": 27.1795918367347,
  "previous_1_week": 28.3333333333333,
  "previous_1_month": 38.1117647058824,
  "previous_1_year": 15.914285714285715
}